life_insurer,year,claims_pending_start_no,claims_pending_start_amt,claims_intimated_no,claims_intimated_amt,total_claims_no,total_claims_amt,claims_paid_no,claims_paid_amt,claims_repudiated_no,claims_repudiated_amt,claims_rejected_no,claims_rejected_amt,claims_unclaimed_no,claims_unclaimed_amt,claims_pending_end_no,claims_pending_end_amt,claims_paid_ratio_no,claims_paid_ratio_amt,claims_repudiated_rejected_ratio_no,claims_repudiated_rejected_ratio_amt,claims_pending_ratio_no,claims_pending_ratio_amt,category
Aditya Birla Sun Life,2021-22,11,3.64,9997,876.69,10008,880.32,9815,846.43,186,32.98,0,0.0,0,0.0,7,0.91,0.981,0.962,0.019,0.037,0.0007,0.001,Individual Death Claims
Aegon,2021-22,0,0.0,720,276.48,720,276.48,713,273.04,6,3.42,0,0.0,0,0.0,1,0.02,0.990,0.988,0.008,0.012,0.001,0.0001,Individual Death Claims
Ageas Federal,2021-22,50,6.70,2644,128.03,2694,134.73,2614,122.63,57,8.67,0,0.0,0,0.0,23,3.43,0.970,0.910,0.021,0.064,0.009,0.025,Individual Death Claims
Aviva,2021-22,0,0.0,1672,270.95,1672,270.95,1645,266.70,27,4.25,0,0.0,0,0.0,0,0.0,0.984,0.984,0.016,0.016,0.0,0.0,Individual Death Claims
Bajaj Allianz,2021-22,5,3.7,21045,822.27,21050,825.97,20844,771.88,195,44.73,0,0.0,0,0.0,11,9.37,0.990,0.935,0.009,0.054,0.0005,0.011,Individual Death Claims
Bharti Axa,2021-22,0,0.0,3203,243.59,3203,243.59,3174,234.72,27,2.04,0,0.0,0,0.0,2,6.82,0.991,0.964,0.008,0.008,0.0006,0.028,Individual Death Claims
Canara HSBC OBC,2021-22,25,5.87,2788,282.23,2813,288.10,2769,277.79,41,7.81,0,0.0,0,0.0,3,2.50,0.984,0.964,0.015,0.027,0.001,0.009,Individual Death Claims
Edelweiss Tokio,2021-22,2,3.0,993,156.86,995,159.86,976,152.06,19,7.80,0,0.0,0,0.0,0,0.0,0.981,0.951,0.019,0.049,0.0,0.0,Individual Death Claims
Exide Life,2021-22,63,8.78,7216,309.83,7279,318.62,7213,306.81,7,0.32,0,0.0,0,0.0,59,11.49,0.991,0.963,0.001,0.001,0.008,0.036,Individual Death Claims
Future Generali,2021-22,8,2.71,1656,83.98,1664,86.69,1600,77.67,64,9.02,0,0.0,0,0.0,0,0.0,0.962,0.896,0.038,0.104,0.0,0.0,Individual Death Claims
HDFC Life,2021-22,178,167.24,26944,2751.01,27122,2918.24,26758,2608.22,136,107.36,188,171.83,17,5.66,23,25.18,0.987,0.894,0.012,0.096,0.0008,0.009,Individual Death Claims
ICICI Prudential,2021-22,16,7.82,22265,3110.22,22281,3118.04,21795,2977.50,398,112.25,0,0.0,8,0.77,80,27.52,0.978,0.955,0.018,0.036,0.004,0.009,Individual Death Claims
IndiaFirst,2021-22,15,3.95,4922,245.58,4937,249.53,4785,227.31,143,18.18,0,0.0,0,0.0,9,4.04,0.969,0.911,0.029,0.073,0.002,0.016,Individual Death Claims
Kotak Mahindra,2021-22,16,7.28,7117,606.31,7133,613.59,7049,586.15,60,19.13,0,0.0,0,0.0,24,8.32,0.988,0.955,0.008,0.031,0.003,0.014,Individual Death Claims
LIC,2021-22,1725,292.42,1365379,29293.46,1367104,29585.88,1349865,28408.38,8713,347.19,3619,8.5,2625,461.66,2282,360.15,0.987,0.960,0.009,0.012,0.002,0.012,Individual Death Claims
Max Life,2021-22,1,0.5,31034,2076.81,31035,2077.31,30830,2008.94,205,68.37,0,0.0,0,0.0,0,0.0,0.993,0.967,0.007,0.033,0.0,0.0,Individual Death Claims
PNB MetLife,2021-22,0,0.0,8586,717.43,8586,717.43,8357,669.69,224,43.21,0,0.0,3,2.03,2,2.50,0.973,0.933,0.026,0.060,0.0002,0.003,Individual Death Claims
Pramerica Life,2021-22,1,0.21,1060,52.83,1061,53.04,1043,51.34,16,1.5,0,0.0,0,0.0,2,0.20,0.983,0.968,0.015,0.028,0.002,0.004,Individual Death Claims
Reliance Nippon,2021-22,4,1.48,13726,359.28,13730,360.76,13548,344.14,174,14.48,0,0.0,5,1.60,3,0.54,0.987,0.954,0.013,0.040,0.0002,0.002,Individual Death Claims
SBI Life,2021-22,912,101.54,54874,2808.60,55786,2910.14,54140,2751.53,1541,127.58,0,0.0,69,10.64,7,0.91,0.970,0.945,0.028,0.044,0.0001,0.0003,Individual Death Claims
Sahara Life,2021-22,2,0.02,1164,12.82,1166,12.85,1132,12.47,16,0.31,15,0.0005,0,0.0,3,0.06,0.971,0.971,0.027,0.024,0.003,0.005,Individual Death Claims
Shriram,2021-22,11,0.98,5854,202.18,5865,203.16,5620,167.39,163,23.58,78,12.13,0,0.0,4,0.07,0.958,0.824,0.041,0.176,0.0007,0.0003,Individual Death Claims
Star Union Dai-ichi,2021-22,8,1.02,2943,170.30,2951,171.32,2875,156.60,74,14.32,0,0.0,0,0.0,2,0.40,0.974,0.914,0.025,0.084,0.0007,0.002,Individual Death Claims
Tata AIA,2021-22,2,4.4,8067,1599.53,8069,1603.93,7950,1518.17,117,80.63,0,0.0,0,0.0,2,5.13,0.985,0.947,0.014,0.050,0.0002,0.003,Individual Death Claims
Aditya Birla Sun Life,2020-21,19,3.80,6455,468.85,6474,472.65,6347,440.26,116,28.75,0,0.0,0,0.0,11,3.64,0.980,0.931,0.018,0.061,0.002,0.008,Individual Death Claims
Aegon,2020-21,0,0.0,401,107.44,401,107.44,398,105.98,3,1.46,0,0.0,0,0.0,0,0.0,0.993,0.986,0.007,0.014,0.0,0.0,Individual Death Claims
Ageas Federal,2020-21,5,1.45,1800,87.13,1805,88.58,1716,73.91,38,7.71,1,0.05,0,0.0,50,6.91,0.951,0.834,0.022,0.088,0.028,0.078,Individual Death Claims
Aviva,2020-21,5,0.78,1050,116.37,1055,117.15,1034,111.57,21,5.58,0,0.0,0,0.0,0,0.0,0.980,0.952,0.020,0.048,0.0,0.0,Individual Death Claims
Bajaj Allianz,2020-21,2,0.65,14331,445.89,14333,446.54,14115,410.68,213,32.16,0,0.0,0,0.0,5,3.70,0.985,0.920,0.015,0.072,0.0003,0.008,Individual Death Claims
Bharti Axa,2020-21,2,1.15,1891,106.44,1893,107.60,1875,106.04,18,1.56,0,0.0,0,0.0,0,0.0,0.990,0.985,0.010,0.015,0.0,0.0,Individual Death Claims
Canara HSBC OBC,2020-21,2,2.0,1897,166.54,1899,168.54,1844,156.08,30,6.59,0,0.0,0,0.0,25,5.87,0.971,0.926,0.016,0.039,0.013,0.035,Individual Death Claims
Edelweiss Tokio,2020-21,0,0.0,502,52.09,502,52.09,487,45.83,13,3.26,0,0.0,0,0.0,2,3.0,0.970,0.880,0.026,0.063,0.004,0.058,Individual Death Claims
Exide Life,2020-21,38,9.05,5014,173.66,5052,182.70,4978,170.43,11,3.49,0,0.0,0,0.0,63,8.78,0.985,0.933,0.002,0.019,0.012,0.048,Individual Death Claims
Future Generali,2020-21,3,0.31,1223,55.47,1226,55.78,1163,48.11,55,4.96,0,0.0,0,0.003,8,2.71,0.949,0.862,0.045,0.089,0.007,0.049,Individual Death Claims
HDFC Life,2020-21,35,17.58,16941,1277.96,16976,1295.54,16639,1037.23,84,39.98,58,47.95,17,3.13,178,167.24,0.980,0.801,0.008,0.068,0.010,0.129,Individual Death Claims
ICICI Prudential,2020-21,95,43.70,14734,1643.05,14829,1686.75,14518,1504.64,289,174.14,0,0.0,6,0.15,16,7.82,0.979,0.892,0.019,0.103,0.001,0.005,Individual Death Claims
IndiaFirst,2020-21,9,2.53,2972,117.74,2981,120.27,2886,109.64,80,6.67,0,0.0,0,0.0,15,3.95,0.968,0.912,0.027,0.055,0.005,0.033,Individual Death Claims
Kotak Mahindra,2020-21,9,12.14,4393,302.00,4402,314.14,4336,299.92,50,6.95,0,0.0,0,0.0,16,7.28,0.985,0.955,0.011,0.022,0.004,0.023,Individual Death Claims
LIC,2020-21,5875,349.69,941101,18755.65,946976,19105.34,933889,18295.58,6531,276.93,2934,3.92,1897,236.49,1725,292.42,0.986,0.958,0.010,0.015,0.002,0.015,Individual Death Claims
Max Life,2020-21,1,0.02,20051,928.07,20052,928.09,19922,885.57,129,42.01,0,0.0,0,0.0,1,0.50,0.994,0.954,0.006,0.045,0.00005,0.0005,Individual Death Claims
PNB MetLife,2020-21,0,0.0,5315,353.16,5315,353.16,5218,331.70,97,21.45,0,0.0,0,0.0,0,0.0,0.982,0.939,0.018,0.061,0.0,0.0,Individual Death Claims
Pramerica Life,2020-21,2,0.22,645,29.29,647,29.51,638,28.63,8,0.67,0,0.0,0,0.0,1,0.21,0.986,0.970,0.012,0.023,0.002,0.007,Individual Death Claims
Reliance Nippon,2020-21,2,0.57,9414,215.42,9416,215.99,9274,205.26,138,9.25,0,0.0,0,0.0,4,1.48,0.985,0.950,0.015,0.043,0.0004,0.007,Individual Death Claims
SBI Life,2020-21,36,7.78,34183,1614.55,34219,1622.33,31855,1398.78,1302,103.96,0,0.0,150,18.05,912,101.54,0.931,0.862,0.038,0.064,0.027,0.063,Individual Death Claims
Sahara Life,2020-21,46,0.58,839,8.68,885,9.26,860,9.02,16,0.21,7,0.0,0,0.0,2,0.02,0.972,0.975,0.026,0.023,0.002,0.003,Individual Death Claims
Shriram,2020-21,5,0.12,3681,123.55,3686,123.67,3506,95.81,137,18.72,32,8.15,0,0.0,11,0.98,0.951,0.775,0.046,0.217,0.003,0.008,Individual Death Claims
Star Union Dai-ichi,2020-21,3,0.72,1632,77.40,1635,78.13,1569,72.49,58,4.61,0,0.0,0,0.0,8,1.02,0.960,0.928,0.035,0.059,0.005,0.013,Individual Death Claims
Tata AIA,2020-21,0,0.0,4648,546.33,4648,546.33,4556,478.40,90,63.53,0,0.0,0,0.0,2,4.40,0.980,0.876,0.019,0.116,0.0004,0.008,Individual Death Claims
Aditya Birla Sun Life,2019-20,24,9.79,5138,361.26,5162,371.05,5035,342.89,108,24.36,0,0.0,0,0.0,19,3.80,0.975,0.924,0.021,0.066,0.004,0.010,Individual Death Claims
Aegon,2019-20,0,0.0,351,69.0,351,69.0,344,64.60,7,4.40,0,0.0,0,0.0,0,0.0,0.980,0.936,0.020,0.064,0.0,0.0,Individual Death Claims
Ageas Federal,2019-20,8,1.53,1408,69.35,1416,70.88,1366,63.27,45,6.35,0,0.0,0,0.0,5,1.26,0.965,0.893,0.032,0.090,0.004,0.018,Individual Death Claims
Aviva,2019-20,2,0.3,808,83.03,810,83.33,790,80.78,11,0.97,4,0.81,0,0.0,5,0.78,0.975,0.969,0.019,0.021,0.006,0.009,Individual Death Claims
Bajaj Allianz,2019-20,3,0.33,12124,331.82,12127,332.15,11887,310.71,237,20.78,0,0.0,1,0.005,2,0.65,0.980,0.935,0.020,0.063,0.0002,0.002,Individual Death Claims
Bharti Axa,2019-20,7,1.02,1313,63.27,1320,64.29,1285,61.56,33,1.58,0,0.0,0,0.0,2,1.15,0.973,0.958,0.025,0.025,0.002,0.018,Individual Death Claims
Canara HSBC OBC,2019-20,1,0.75,1275,114.52,1276,115.27,1252,106.53,22,3.71,0,3.04,0,0.0,2,2.0,0.981,0.924,0.017,0.058,0.002,0.017,Individual Death Claims
Edelweiss Tokio,2019-20,0,0.0,326,32.86,326,32.86,272,21.80,54,11.06,0,0.0,0,0.0,0,0.0,0.834,0.663,0.166,0.337,0.0,0.0,Individual Death Claims
Exide Life,2019-20,0,0.0,3468,101.16,3468,101.16,3404,88.95,26,3.16,0,0.0,0,0.0,38,9.05,0.982,0.879,0.007,0.031,0.011,0.089,Individual Death Claims
Future Generali,2019-20,8,0.91,1135,48.92,1143,49.83,1089,44.90,51,4.62,0,0.0,0,0.0,3,0.31,0.953,0.901,0.045,0.093,0.003,0.006,Individual Death Claims
HDFC Life,2019-20,34,10.19,12592,692.26,12626,702.45,12509,650.33,54,25.46,15,7.16,13,1.92,35,17.58,0.991,0.926,0.005,0.046,0.003,0.025,Individual Death Claims
ICICI Prudential,2019-20,21,15.37,11439,1101.64,11460,1117.01,11212,1023.64,153,49.49,0,0.0,0,0.18,95,43.70,0.978,0.916,0.013,0.044,0.008,0.039,Individual Death Claims
IndiaFirst,2019-20,9,1.55,2232,77.41,2241,78.95,2166,70.17,66,6.25,0,0.0,0,0.0,9,2.53,0.967,0.889,0.029,0.079,0.004,0.032,Individual Death Claims
Kotak Mahindra,2019-20,12,4.08,3334,188.79,3346,192.87,3225,170.14,112,10.58,0,0.0,0,0.0,9,12.14,0.964,0.882,0.033,0.055,0.003,0.063,Individual Death Claims
LIC,2019-20,791,135.92,758125,13558.42,758916,13694.34,733809,12797.85,6124,205.02,2172,2.08,10936,339.70,5875,349.69,0.967,0.935,0.011,0.015,0.008,0.026,Individual Death Claims
Max Life,2019-20,3,1.6,15460,593.84,15463,595.43,15342,562.54,120,32.88,0,0.0,0,0.0,1,0.02,0.992,0.945,0.008,0.055,0.00006,0.00003,Individual Death Claims
PNB MetLife,2019-20,0,0.0,4364,269.56,4364,269.56,4241,235.11,123,34.45,0,0.0,0,0.0,0,0.0,0.972,0.872,0.028,0.128,0.0,0.0,Individual Death Claims
Pramerica Life,2019-20,2,0.3,569,23.43,569,23.43,560,22.44,7,0.77,0,0.0,0,0.0,2,0.22,0.984,0.958,0.012,0.033,0.004,0.009,Individual Death Claims
Reliance Nippon,2019-20,4,0.91,8013,166.13,8017,167.03,7866,157.03,149,9.43,0,0.0,0,0.0,2,0.57,0.981,0.940,0.019,0.056,0.0002,0.003,Individual Death Claims
SBI Life,2019-20,28,4.63,22462,898.75,22490,903.38,21257,810.71,1157,79.37,0,0.0,40,5.52,36,7.78,0.945,0.897,0.051,0.088,0.002,0.009,Individual Death Claims
Sahara Life,2019-20,16,0.24,638,5.97,654,6.21,585,5.44,10,0.18,13,0.002,0,0.0,46,0.58,0.894,0.877,0.035,0.030,0.070,0.094,Individual Death Claims
Shriram,2019-20,39,2.16,3035,91.82,3074,93.98,2816,77.88,195,8.66,58,7.32,0,0.0,5,0.12,0.916,0.829,0.082,0.170,0.002,0.001,Individual Death Claims
Star Union Dai-ichi,2019-20,5,0.33,1243,52.96,1248,53.29,1210,50.47,35,2.10,0,0.0,0,0.0,3,0.72,0.970,0.947,0.028,0.039,0.002,0.014,Individual Death Claims
Tata AIA,2019-20,0,0.0,2982,231.96,2982,231.96,2954,222.47,28,9.49,0,0.0,0,0.0,0,0.0,0.991,0.959,0.009,0.041,0.0,0.0,Individual Death Claims
Aditya Birla Sun Life,2018-19,45,9.75,5215,297.15,5260,306.90,5110,276.44,126,20.67,0,0.0,0,0.0,24,9.79,0.971,0.901,0.024,0.067,0.005,0.032,Individual Death Claims
Aegon,2018-19,0,0.0,507,79.18,507,79.18,489,75.69,18,3.49,0,0.0,0,0.0,0,0.0,0.964,0.956,0.036,0.044,0.0,0.0,Individual Death Claims
Ageas Federal,2018-19,6,0.22,1300,56.93,1306,57.15,1251,53.02,47,2.61,0,0.0,0,0.0,8,1.53,0.958,0.928,0.036,0.046,0.006,0.027,Individual Death Claims
Aviva,2018-19,8,1.37,930,91.92,938,93.29,901,88.67,20,2.40,15,1.92,0,0.0,2,0.30,0.961,0.951,0.037,0.046,0.002,0.003,Individual Death Claims
Bajaj Allianz,2018-19,250,31.46,12517,359.03,12767,390.49,12130,349.02,445,33.99,153,3.05,36,4.10,3,0.33,0.950,0.894,0.047,0.095,0.0002,0.0008,Individual Death Claims
Bharti Axa,2018-19,7,0.75,1058,48.41,1065,49.16,1036,46.99,22,1.15,0,0.0,0,0.0,7,1.02,0.973,0.956,0.021,0.023,0.007,0.021,Individual Death Claims
Canara HSBC OBC,2018-19,2,0.62,1004,82.80,1006,83.42,946,74.09,59,8.54,0,0.05,0,0.0,1,0.75,0.940,0.888,0.059,0.103,0.001,0.009,Individual Death Claims
Edelweiss Tokio,2018-19,0,0.0,239,14.21,239,14.21,229,13.42,10,0.79,0,0.0,0,0.0,0,0.0,0.958,0.944,0.042,0.056,0.0,0.0,Individual Death Claims
Exide Life,2018-19,5,0.82,3330,84.20,3335,85.01,3236,76.07,99,8.95,0,0.0,0,0.0,0,0.0,0.970,0.895,0.030,0.105,0.0,0.0,Individual Death Claims
Future Generali,2018-19,19,2.14,1138,38.17,1157,40.31,1101,35.17,48,4.29,0,0.0,0,0.0,8,0.85,0.952,0.872,0.041,0.106,0.007,0.021,Individual Death Claims
HDFC Life,2018-19,65,10.02,12881,617.69,12946,627.72,12822,577.30,67,33.49,23,6.74,0,0.0,34,10.19,0.990,0.920,0.007,0.064,0.003,0.016,Individual Death Claims
ICICI Prudential,2018-19,27,13.46,10799,880.47,10826,893.93,10672,826.66,128,51.58,0,0.0,5,0.33,21,15.37,0.986,0.925,0.012,0.058,0.002,0.017,Individual Death Claims
IndiaFirst,2018-19,3,3.59,2239,86.25,2242,89.84,2081,74.95,144,13.10,8,0.24,0,0.0,9,1.55,0.928,0.834,0.068,0.148,0.004,0.017,Individual Death Claims
Kotak Mahindra,2018-19,18,2.70,3020,145.72,3038,148.42,2959,136.77,67,7.57,0,0.0,0,0.0,12,4.08,0.974,0.922,0.022,0.051,0.004,0.027,Individual Death Claims
LIC,2018-19,569,90.28,750381,13412.92,750950,13503.20,734328,12871.92,3199,193.07,3442,8.47,9190,293.82,791,135.92,0.978,0.953,0.009,0.015,0.001,0.010,Individual Death Claims
Max Life,2018-19,2,1.02,15085,478.44,15087,479.46,14897,452.25,187,25.61,0,0.0,0,0.0,3,1.60,0.987,0.943,0.012,0.053,0.0002,0.003,Individual Death Claims
PNB MetLife,2018-19,8,4.11,4162,223.45,4170,227.56,4012,203.95,157,23.59,0,0.0,1,0.02,0,0.0,0.962,0.896,0.038,0.104,0.0,0.0,Individual Death Claims
Pramerica Life,2018-19,7,1.73,649,28.00,656,29.73,635,26.16,19,3.27,0,0.0,0,0.0,2,0.30,0.968,0.880,0.029,0.110,0.003,0.010,Individual Death Claims
Reliance Nippon,2018-19,4,1.10,8367,163.87,8371,164.97,8179,154.47,188,9.59,0,0.0,0,0.0,4,0.91,0.977,0.936,0.022,0.058,0.0005,0.005,Individual Death Claims
SBI Life,2018-19,72,5.63,19830,758.10,19902,763.73,18913,688.93,889,66.37,0,0.0,72,3.80,28,4.63,0.950,0.902,0.045,0.087,0.001,0.006,Individual Death Claims
Sahara Life,2018-19,59,0.48,622,5.41,681,5.88,614,5.17,39,0.47,12,0.003,0,0.0,16,0.24,0.902,0.879,0.075,0.081,0.023,0.040,Individual Death Claims
Shriram,2018-19,62,5.06,2768,82.86,2830,87.92,2414,66.08,334,15.01,43,4.68,0,0.0,39,2.16,0.853,0.752,0.133,0.224,0.014,0.025,Individual Death Claims
Star Union Dai-ichi,2018-19,12,2.13,1246,49.20,1258,51.33,1217,47.26,35,3.71,1,0.03,0,0.0,5,0.33,0.967,0.921,0.029,0.073,0.004,0.006,Individual Death Claims
Tata AIA,2018-19,0,0.0,2700,150.72,2700,150.72,2675,144.87,25,5.85,0,0.0,0,0.0,0,0.0,0.991,0.961,0.009,0.039,0.0,0.0,Individual Death Claims
Aditya Birla Sun Life,2017-18,48,4.33,5443,269.83,5491,274.17,5292,248.16,154,16.26,0,0.0,45,9.75,24,9.79,0.964,0.905,0.028,0.059,0.004,0.036,Individual Death Claims
Aegon,2017-18,0,0.0,554,52.00,554,52.00,530,49.17,24,2.83,0,0.0,0,0.0,0,0.0,0.957,0.946,0.043,0.054,0.0,0.0,Individual Death Claims
Ageas Federal,2017-18,7,0.47,1154,50.04,1161,50.51,1068,45.15,87,5.14,0,0.0,6,0.22,8,1.53,0.920,0.894,0.075,0.102,0.007,0.030,Individual Death Claims
Aviva,2017-18,7,2.78,1111,103.11,1118,105.89,1056,97.68,54,6.84,0,0.0,8,1.37,2,0.30,0.945,0.922,0.048,0.065,0.002,0.003,Individual Death Claims
Bajaj Allianz,2017-18,63,5.53,14252,365.69,14315,371.22,13176,311.59,829,27.25,60,0.92,250,31.46,3,0.33,0.920,0.839,0.062,0.076,0.0002,0.0009,Individual Death Claims
Bharti Axa,2017-18,34,3.73,854,40.38,888,44.11,860,42.48,21,0.89,0,0.0,7,0.75,7,1.02,0.968,0.963,0.024,0.020,0.008,0.023,Individual Death Claims
Canara HSBC OBC,2017-18,1,0.09,836,53.29,837,53.38,797,49.13,38,3.63,0,0.0,2,0.62,1,0.75,0.952,0.920,0.045,0.068,0.001,0.014,Individual Death Claims
Edelweiss Tokio,2017-18,0,0.0,189,11.57,189,11.57,180,11.31,9,0.26,0,0.0,0,0.0,0,0.0,0.952,0.978,0.048,0.022,0.0,0.0,Individual Death Claims
Exide Life,2017-18,0,0.0,3357,86.21,3357,86.21,3250,77.26,102,8.14,0,0.0,5,0.82,0,0.0,0.968,0.896,0.030,0.094,0.0,0.0,Individual Death Claims
Future Generali,2017-18,17,0.98,1274,39.34,1291,40.32,1202,34.18,69,4.14,1,0.02,19,1.98,8,0.85,0.931,0.848,0.054,0.103,0.006,0.021,Individual Death Claims
HDFC Life,2017-18,59,15.61,12507,529.09,12566,544.70,12289,482.78,208,46.78,0,0.0,69,15.14,34,10.19,0.978,0.886,0.017,0.086,0.003,0.019,Individual Death Claims
ICICI Prudential,2017-18,36,10.16,11423,766.84,11459,777.00,11216,715.11,203,43.23,13,5.19,27,13.47,21,15.37,0.979,0.920,0.019,0.062,0.002,0.020,Individual Death Claims
IndiaFirst,2017-18,29,2.1,1781,55.52,1810,57.62,1626,45.97,181,8.06,0,0.0,3,3.59,9,1.55,0.898,0.798,0.100,0.140,0.005,0.027,Individual Death Claims
Kotak Mahindra,2017-18,19,2.40,3055,132.05,3074,134.45,2881,119.50,175,12.26,0,0.0,18,2.70,12,4.08,0.937,0.889,0.057,0.091,0.004,0.030,Individual Death Claims
LIC,2017-18,3203,195.06,735879,11184.34,739082,11379.40,724596,10747.53,4958,194.73,8959,346.86,569,90.29,791,135.92,0.980,0.944,0.019,0.048,0.001,0.012,Individual Death Claims
Max Life,2017-18,3,0.15,10329,370.85,10332,371.00,10152,353.39,178,16.58,0,0.0,2,1.02,3,1.60,0.983,0.953,0.017,0.045,0.0003,0.004,Individual Death Claims
PNB MetLife,2017-18,108,16.43,3981,201.54,4089,217.97,3726,179.60,329,33.02,26,1.23,8,4.11,0,0.0,0.911,0.824,0.087,0.157,0.0,0.0,Individual Death Claims
Pramerica Life,2017-18,6,0.70,586,25.81,592,26.51,572,23.51,13,1.29,0,0.0,7,1.71,2,0.30,0.966,0.887,0.022,0.049,0.003,0.011,Individual Death Claims
Reliance Nippon,2017-18,35,4.76,8952,168.91,8987,173.66,8553,149.54,403,22.32,27,0.70,4,1.10,4,0.91,0.952,0.861,0.048,0.133,0.0004,0.005,Individual Death Claims
SBI Life,2017-18,132,25.19,18753,615.59,18885,640.78,18274,590.33,496,35.90,43,8.92,72,5.63,28,4.63,0.968,0.921,0.029,0.070,0.001,0.007,Individual Death Claims
Sahara Life,2017-18,26,0.38,646,6.24,672,6.62,556,5.41,57,0.73,0,0.0,59,0.48,16,0.24,0.827,0.817,0.085,0.111,0.024,0.036,Individual Death Claims
Shriram,2017-18,293,14.28,2853,87.47,3146,101.75,2524,69.80,560,26.89,0,0.0,62,5.06,39,2.16,0.802,0.686,0.178,0.264,0.012,0.021,Individual Death Claims
Star Union Dai-ichi,2017-18,19,2.70,1222,49.59,1241,52.29,1145,43.42,81,6.60,3,0.14,12,2.13,5,0.33,0.923,0.830,0.068,0.129,0.004,0.006,Individual Death Claims
Tata AIA,2017-18,0,0.0,2850,140.25,2850,140.25,2793,131.84,57,8.41,0,0.0,0,0.0,0,0.0,0.980,0.940,0.020,0.060,0.0,0.0,Individual Death Claims
